{"docstore/metadata": {"3b23887b-14fa-4ea1-b8c9-1be86db5a135": {"doc_hash": "cda8e27bbe4bdc6d26031636818eaf5915a8743eea4f9bf18f8bc4fc4358b923"}, "b69a9a0d-aaef-4d6b-b02b-9304dec3ed76": {"doc_hash": "8d54cdc6a13ffe1a30423ec803609db12aeccaac488cc1ead555724d011838e5"}, "5e6cf17c-9321-4120-ba7e-ec0dd4bb3b57": {"doc_hash": "ec3a0427f89d13443498dc2dedfd74e296786add1e300efd527bc402679dae70"}, "7b1255ef-f72d-4992-b726-ac204c3b36a7": {"doc_hash": "8e1808c2bda081be8ba65ec803c8ea772859e4596676e7ff699555b73530706f"}, "ab02cf2a-8482-485d-9397-f570857e4a2e": {"doc_hash": "5b733a12eedc9d4a57df98dcf6e149b97999d848658c7f1f50b67cab4c1ed22c"}, "6be2a362-e50a-46ba-ae65-8ba18ac8c26b": {"doc_hash": "387a272939a576741cf07e9a9e56e3b18dd4ff1c7767d0602d1137a08e4695ee"}, "757b0080-ef44-421f-9f23-1d82a843e3b8": {"doc_hash": "8da48035c13d9ed60acdd12841e6f16b52549a8cafbac8335af8cb6777abaf0c"}, "7edb1464-cdb0-4c20-9868-961e1b050b21": {"doc_hash": "b50bbdcab8c7eea2021569c570f7386ba2dc339b29c56b35cbf8b2d665621f8d", "ref_doc_id": "3b23887b-14fa-4ea1-b8c9-1be86db5a135"}, "004e2413-10f2-4e67-b716-90d2c3281ac8": {"doc_hash": "4819104e9c66aaa2b01a01eac90e69ce49f8094e2f5986445a8ac90848fcba3b", "ref_doc_id": "b69a9a0d-aaef-4d6b-b02b-9304dec3ed76"}, "4e6acc0f-5c4b-4417-9873-0a820fe223b8": {"doc_hash": "d7260273a8d728dcc0a8accc848aa15cb69b2b0fec8327118a1e25bf20a09d52", "ref_doc_id": "5e6cf17c-9321-4120-ba7e-ec0dd4bb3b57"}, "f2940c3b-fe96-48e4-9b69-be3b9648b410": {"doc_hash": "c8e6da582303bf86a2f78b01d53e7ffe35021b4fab3a03e8bc4481d4ade4af9d", "ref_doc_id": "7b1255ef-f72d-4992-b726-ac204c3b36a7"}, "025b1023-a8a5-4bcf-b23c-b9cc84b42bfa": {"doc_hash": "b61c25652a3671bf821eb562c0b894bdca2e2c7286f563b88a284e611cfd71d9", "ref_doc_id": "ab02cf2a-8482-485d-9397-f570857e4a2e"}, "45e743a3-92c8-4c99-b396-60bdb08030c3": {"doc_hash": "20f95c108166a82c86b7f1f0695b0f5326fc81f7b4dc6acc579a3b54830b2487", "ref_doc_id": "6be2a362-e50a-46ba-ae65-8ba18ac8c26b"}, "92c5362f-5c01-4354-8cdc-9e04dbe7b502": {"doc_hash": "7b9b00a101d538cb7e82aa38a6753e119cefd8819206180d37bb423c59efda11", "ref_doc_id": "757b0080-ef44-421f-9f23-1d82a843e3b8"}}, "docstore/data": {"7edb1464-cdb0-4c20-9868-961e1b050b21": {"__data__": {"id_": "7edb1464-cdb0-4c20-9868-961e1b050b21", "embedding": null, "metadata": {"page_label": "1", "file_name": "p.pdf", "file_path": "C:\\Users\\moony\\Desktop\\_src\\p\\data\\p.pdf", "file_type": "application/pdf", "file_size": 45430, "creation_date": "2024-05-15", "last_modified_date": "2024-05-15"}, "excluded_embed_metadata_keys": ["file_name", "file_type", "file_size", "creation_date", "last_modified_date", "last_accessed_date"], "excluded_llm_metadata_keys": ["file_name", "file_type", "file_size", "creation_date", "last_modified_date", "last_accessed_date"], "relationships": {"1": {"node_id": "3b23887b-14fa-4ea1-b8c9-1be86db5a135", "node_type": "4", "metadata": {"page_label": "1", "file_name": "p.pdf", "file_path": "C:\\Users\\moony\\Desktop\\_src\\p\\data\\p.pdf", "file_type": "application/pdf", "file_size": 45430, "creation_date": "2024-05-15", "last_modified_date": "2024-05-15"}, "hash": "cda8e27bbe4bdc6d26031636818eaf5915a8743eea4f9bf18f8bc4fc4358b923", "class_name": "RelatedNodeInfo"}, "3": {"node_id": "004e2413-10f2-4e67-b716-90d2c3281ac8", "node_type": "1", "metadata": {}, "hash": "336e0d578a3e60f78c038f10a85806123a9f13a03d347828fe5dcd2ef2e67765", "class_name": "RelatedNodeInfo"}}, "text": "Basic Interview Questions for Prompt Engineers  \nThe first set of most popular prompt engineering interview questions focuses on the \nquestions about prompt engineering fundamentals. The following questions would help the \ninterviewers check your knowledge of the basic concepts of prompt engineering.  \n \n1. What is prompt engineering?  \nPrompt engineering refers to the process of creating the right prompts that could instruct \ngenerative AI tools to generate the right responses. It focuses on creating the right prompts \nor instructions that can help the AI tool understand the user query. Eff ective, prompt \nengineering helps the Large Language Model in providing the most relevant answer to your \nqueries. You can also define prompt engineering as the process of designing and refining \nprompts to improve the performance of AI models in different t asks, such as text \ngeneration, translation, and image generation.  \n \n2. What are the responsibilities of a prompt engineer?  \nThe list of entries among responses to \u201cWhat are the questions for a prompt interview?\u201d \nwould also focus on the responsibilities of the prompt engineer. Prompt engineers serve a \ncrucial role in development and optimization of AI -generated text prompts. In addition, \nprompt engineers ensure that the prompts offer relevance and accuracy for different use \ncases. On top of it, prompt engineers must also fine -tune the prompts to ensure the best \nresults. The role of prompt engineers also focuses on improving user experience with AI \ntools by creating simple and contextually relevant prompts.  \n \nDive into the world of prompt engineering and become a master of generative AI \napplications with the Prompt Engineer Career Path.  \n \n3. What are the important skills required for prompt engineers?  \nThe outline of top prompt engineering interview questions also focuses on the skills \nrequired for prompt engineers. Prompt engineers should have problem -solving, analytical, \nand communication skills. You don\u2019t need a technical background to become a prompt  \nengineer.", "start_char_idx": 0, "end_char_idx": 2061, "text_template": "{metadata_str}\n\n{content}", "metadata_template": "{key}: {value}", "metadata_seperator": "\n", "class_name": "TextNode"}, "__type__": "1"}, "004e2413-10f2-4e67-b716-90d2c3281ac8": {"__data__": {"id_": "004e2413-10f2-4e67-b716-90d2c3281ac8", "embedding": null, "metadata": {"page_label": "2", "file_name": "p.pdf", "file_path": "C:\\Users\\moony\\Desktop\\_src\\p\\data\\p.pdf", "file_type": "application/pdf", "file_size": 45430, "creation_date": "2024-05-15", "last_modified_date": "2024-05-15"}, "excluded_embed_metadata_keys": ["file_name", "file_type", "file_size", "creation_date", "last_modified_date", "last_accessed_date"], "excluded_llm_metadata_keys": ["file_name", "file_type", "file_size", "creation_date", "last_modified_date", "last_accessed_date"], "relationships": {"1": {"node_id": "b69a9a0d-aaef-4d6b-b02b-9304dec3ed76", "node_type": "4", "metadata": {"page_label": "2", "file_name": "p.pdf", "file_path": "C:\\Users\\moony\\Desktop\\_src\\p\\data\\p.pdf", "file_type": "application/pdf", "file_size": 45430, "creation_date": "2024-05-15", "last_modified_date": "2024-05-15"}, "hash": "8d54cdc6a13ffe1a30423ec803609db12aeccaac488cc1ead555724d011838e5", "class_name": "RelatedNodeInfo"}, "2": {"node_id": "7edb1464-cdb0-4c20-9868-961e1b050b21", "node_type": "1", "metadata": {"page_label": "1", "file_name": "p.pdf", "file_path": "C:\\Users\\moony\\Desktop\\_src\\p\\data\\p.pdf", "file_type": "application/pdf", "file_size": 45430, "creation_date": "2024-05-15", "last_modified_date": "2024-05-15"}, "hash": "b50bbdcab8c7eea2021569c570f7386ba2dc339b29c56b35cbf8b2d665621f8d", "class_name": "RelatedNodeInfo"}, "3": {"node_id": "4e6acc0f-5c4b-4417-9873-0a820fe223b8", "node_type": "1", "metadata": {}, "hash": "5089f1dcde142b562f88b655edbde1ea4698e65253db6a7ab35548bc99b6266c", "class_name": "RelatedNodeInfo"}}, "text": "Communication skills help in working in collaboration with team members and clients. \nAnalytical skills can help in using data analysis for informed decision -making to facilitate \nsystem enhancements. In addition, the problem -solving skills of a prompt engin eer help \nthem in addressing problems due to system glitches.  \n \n4. What are Generative AI models?  \nAnother important addition to basic prompt engineering interview questions would focus \non definition of generative AI models. Generative AI models are AI algorithms with the \nability to generate new data based on their training data. With a specific dataset , generative \nAI models could learn and develop new samples with similar traits as the original data. \nGenerative AI models utilize complex mathematical algorithms alongside deep learning \ntechniques for learning the underlying features and patterns in traini ng data.  \n \n5. What are the common tasks you can achieve with generative AI models?  \nThe primary advantage of generative AI models is the ability to understand the patterns in \ndata. In addition, generative AI models have the capability for understanding the \ncomplexity and variations in real -world data. Therefore, the generative AI models c ould \nwork as effective tools in use cases such as text and speech synthesis, image and video \ngeneration, composing music, and data augmentation.  \n \n6. Do generative AI models have any limitations?  \nThe collection of best prompt engineering interview questions and answers also tests your \nknowledge of the limitations of generative AI. One of the most prominent challenges of \ngenerative AI points to the concerns of bias involved in training the models. A nother \nprominent challenge for generative AI models points to the lack of interpretation of the \nmodels. As a result, it is difficult to determine why the generative AI models make certain \ndecisions or make specific predictions.  \n \nIdentify the full potential of generative AI in business use cases and become an expert in \ngenerative AI technologies with the Generative AI Skill Path.  \n \n7. What are Large Language Models?", "start_char_idx": 0, "end_char_idx": 2117, "text_template": "{metadata_str}\n\n{content}", "metadata_template": "{key}: {value}", "metadata_seperator": "\n", "class_name": "TextNode"}, "__type__": "1"}, "4e6acc0f-5c4b-4417-9873-0a820fe223b8": {"__data__": {"id_": "4e6acc0f-5c4b-4417-9873-0a820fe223b8", "embedding": null, "metadata": {"page_label": "3", "file_name": "p.pdf", "file_path": "C:\\Users\\moony\\Desktop\\_src\\p\\data\\p.pdf", "file_type": "application/pdf", "file_size": 45430, "creation_date": "2024-05-15", "last_modified_date": "2024-05-15"}, "excluded_embed_metadata_keys": ["file_name", "file_type", "file_size", "creation_date", "last_modified_date", "last_accessed_date"], "excluded_llm_metadata_keys": ["file_name", "file_type", "file_size", "creation_date", "last_modified_date", "last_accessed_date"], "relationships": {"1": {"node_id": "5e6cf17c-9321-4120-ba7e-ec0dd4bb3b57", "node_type": "4", "metadata": {"page_label": "3", "file_name": "p.pdf", "file_path": "C:\\Users\\moony\\Desktop\\_src\\p\\data\\p.pdf", "file_type": "application/pdf", "file_size": 45430, "creation_date": "2024-05-15", "last_modified_date": "2024-05-15"}, "hash": "ec3a0427f89d13443498dc2dedfd74e296786add1e300efd527bc402679dae70", "class_name": "RelatedNodeInfo"}, "2": {"node_id": "004e2413-10f2-4e67-b716-90d2c3281ac8", "node_type": "1", "metadata": {"page_label": "2", "file_name": "p.pdf", "file_path": "C:\\Users\\moony\\Desktop\\_src\\p\\data\\p.pdf", "file_type": "application/pdf", "file_size": 45430, "creation_date": "2024-05-15", "last_modified_date": "2024-05-15"}, "hash": "4819104e9c66aaa2b01a01eac90e69ce49f8094e2f5986445a8ac90848fcba3b", "class_name": "RelatedNodeInfo"}, "3": {"node_id": "f2940c3b-fe96-48e4-9b69-be3b9648b410", "node_type": "1", "metadata": {}, "hash": "29ce9714a69e87e5ea05daa44e99fe394655f6f8ad4984741db31141f8a81171", "class_name": "RelatedNodeInfo"}}, "text": "Large Language Models, or LLMs, are an AI model that leverages natural language \nprocessing or NLP techniques for generating text or completing tasks on the basis of input \ndata. Some of the common use cases of LLMs include language translation, content \ncreation, and predictive typing. Prompt engineering has emerged as a crucial tool in \ndeveloping LLMs while ensuring their ethical and responsible usage.  \n \n8. What are NLP models?  \nYou can also come across responses to \u201cWhat are the questions for a prompt interview?\u201d \nwith references to NLP models. Natural Language Processing or NLP models are computer \nalgorithms designed for understanding and processing human language. NLP models \nutilize machine learning techniques for analyzing text, extracting relevant information, and \nmaking predictions or decisions. NLP models can serve a broad range of tasks, including \nchatbot interactions, language translation, and sentiment analysis.  \n \n9. What are the challenges associated with NLP models?  \nNatural language processing models have been associated with multiple advantages. \nHowever, you should also keep an eye on the challenges with NLP models. Some of the \nmost prominent challenges for NLP models include lack of context, bias in training data, \nand ambiguity in natural language. On top of it, NLP models can struggle to understand \nslang or informal language.  \n \n10. How can you address the challenges with NLP models?  \nThe most popular prompt engineering interview questions also test your knowledge of best \npractices for resolving challenges with NLP models. It is important to note that NLP models \nare still in the nascent stages. As the technology grows further, you can e xpect promising \nimprovements in NLP models for managing the complexities in natural language. In \naddition, techniques such as algorithmic improvements and data cleaning alongside \nethical considerations for developing NLP models can also help in resolving t he challenges \nwith NLP models.  \n \nMaster the concepts of ChatGPT to boost your skills, improve your productivity, and \nuncover new opportunities with our ChatGPT Fundamental Course.", "start_char_idx": 0, "end_char_idx": 2145, "text_template": "{metadata_str}\n\n{content}", "metadata_template": "{key}: {value}", "metadata_seperator": "\n", "class_name": "TextNode"}, "__type__": "1"}, "f2940c3b-fe96-48e4-9b69-be3b9648b410": {"__data__": {"id_": "f2940c3b-fe96-48e4-9b69-be3b9648b410", "embedding": null, "metadata": {"page_label": "4", "file_name": "p.pdf", "file_path": "C:\\Users\\moony\\Desktop\\_src\\p\\data\\p.pdf", "file_type": "application/pdf", "file_size": 45430, "creation_date": "2024-05-15", "last_modified_date": "2024-05-15"}, "excluded_embed_metadata_keys": ["file_name", "file_type", "file_size", "creation_date", "last_modified_date", "last_accessed_date"], "excluded_llm_metadata_keys": ["file_name", "file_type", "file_size", "creation_date", "last_modified_date", "last_accessed_date"], "relationships": {"1": {"node_id": "7b1255ef-f72d-4992-b726-ac204c3b36a7", "node_type": "4", "metadata": {"page_label": "4", "file_name": "p.pdf", "file_path": "C:\\Users\\moony\\Desktop\\_src\\p\\data\\p.pdf", "file_type": "application/pdf", "file_size": 45430, "creation_date": "2024-05-15", "last_modified_date": "2024-05-15"}, "hash": "8e1808c2bda081be8ba65ec803c8ea772859e4596676e7ff699555b73530706f", "class_name": "RelatedNodeInfo"}, "2": {"node_id": "4e6acc0f-5c4b-4417-9873-0a820fe223b8", "node_type": "1", "metadata": {"page_label": "3", "file_name": "p.pdf", "file_path": "C:\\Users\\moony\\Desktop\\_src\\p\\data\\p.pdf", "file_type": "application/pdf", "file_size": 45430, "creation_date": "2024-05-15", "last_modified_date": "2024-05-15"}, "hash": "d7260273a8d728dcc0a8accc848aa15cb69b2b0fec8327118a1e25bf20a09d52", "class_name": "RelatedNodeInfo"}, "3": {"node_id": "025b1023-a8a5-4bcf-b23c-b9cc84b42bfa", "node_type": "1", "metadata": {}, "hash": "4a92f59c22e37fb1d59db90a2247dd9fc64a0fab6587d24d8a59ea00ab6f07fa", "class_name": "RelatedNodeInfo"}}, "text": "Advanced Interview Questions for Prompt Engineers  \nAfter testing your knowledge of prompt engineering basics, interviewers would ask prompt \nengineering interview questions to test your expertise in practical uses of prompt \nengineering. Here are some of the advanced interview questions for aspiring prompt \nengineers.  \n \n11. What is zero -shot prompting?  \nZero-shot prompting is a prompting technique that helps in training LLMs to perform tasks \nwithout any prior examples. It involves training the model on a broad set of data alongside a \ncomprehensive understanding of the language structures. Zero -shot prompt ing has proved \nuseful for different tasks such as machine translation, text classification, and sentiment \nanalysis.  \n \n12. What is few -shot prompting?  \nLarge language models have gained popularity for offering impressive zero -shot learning \ncapabilities. On the contrary, they present limitations in addressing complex tasks. \nTherefore, you can come across top prompt engineering interview questions focused o n a \nfew-shot prompting. It is a prompting technique that helps machines in answering \nquestions or performing tasks with minimal training data. Few -shot prompting involves the \nuse of niche examples or prompts that enable in -context learning.  \n \n13. What are the best practices for writing prompts?  \nThe best practices for writing prompts revolve around ensuring clarity and conciseness in \nthe prompts. You should maintain clarity regarding the desired task and specify the context \nfor the LLM. In addition, it is also important to use simple language and avoid jargon, \nalongside providing examples for the desired behavior of the model.  \n \nLearn about the fundamentals of Bard AI, its evolution, common tools, and business use \ncases with our Google Bard AI Course.", "start_char_idx": 2, "end_char_idx": 1815, "text_template": "{metadata_str}\n\n{content}", "metadata_template": "{key}: {value}", "metadata_seperator": "\n", "class_name": "TextNode"}, "__type__": "1"}, "025b1023-a8a5-4bcf-b23c-b9cc84b42bfa": {"__data__": {"id_": "025b1023-a8a5-4bcf-b23c-b9cc84b42bfa", "embedding": null, "metadata": {"page_label": "5", "file_name": "p.pdf", "file_path": "C:\\Users\\moony\\Desktop\\_src\\p\\data\\p.pdf", "file_type": "application/pdf", "file_size": 45430, "creation_date": "2024-05-15", "last_modified_date": "2024-05-15"}, "excluded_embed_metadata_keys": ["file_name", "file_type", "file_size", "creation_date", "last_modified_date", "last_accessed_date"], "excluded_llm_metadata_keys": ["file_name", "file_type", "file_size", "creation_date", "last_modified_date", "last_accessed_date"], "relationships": {"1": {"node_id": "ab02cf2a-8482-485d-9397-f570857e4a2e", "node_type": "4", "metadata": {"page_label": "5", "file_name": "p.pdf", "file_path": "C:\\Users\\moony\\Desktop\\_src\\p\\data\\p.pdf", "file_type": "application/pdf", "file_size": 45430, "creation_date": "2024-05-15", "last_modified_date": "2024-05-15"}, "hash": "5b733a12eedc9d4a57df98dcf6e149b97999d848658c7f1f50b67cab4c1ed22c", "class_name": "RelatedNodeInfo"}, "2": {"node_id": "f2940c3b-fe96-48e4-9b69-be3b9648b410", "node_type": "1", "metadata": {"page_label": "4", "file_name": "p.pdf", "file_path": "C:\\Users\\moony\\Desktop\\_src\\p\\data\\p.pdf", "file_type": "application/pdf", "file_size": 45430, "creation_date": "2024-05-15", "last_modified_date": "2024-05-15"}, "hash": "c8e6da582303bf86a2f78b01d53e7ffe35021b4fab3a03e8bc4481d4ade4af9d", "class_name": "RelatedNodeInfo"}, "3": {"node_id": "45e743a3-92c8-4c99-b396-60bdb08030c3", "node_type": "1", "metadata": {}, "hash": "e2dea05f0fda210f6868495ed1ba73278d2ab3317ae47034481fefd0b54c0543", "class_name": "RelatedNodeInfo"}}, "text": "14. What is the role of temperature in LLM models?  \nThe best prompt engineering interview questions and answers in the advanced stages \nwould focus on concepts like temperature in LLMs. Temperature is the parameter in LLMs \nthat helps in controlling the randomness of outputs by the model. Higher temperatures \ncould lead to more creative or random outputs, while lower temperature leads to more \ndeterministic responses.  \n \n15. How can you address the problems of ambiguity in prompts?  \nPrompt engineers can choose two different methods for dealing with ambiguity in prompts. \nThe first method involves providing more context to the prompts. If you want the LLM to \nwrite a story about love, then you should provide examples of stories about lov e. In \naddition, you should also implement some constraints, such as the length of the story. The \nsecond method for dealing with ambiguity in prompts involves the use of multiple prompts.  \n \n16. What are the best practices for avoiding bias in prompts?  \nThe collection of most popular prompt engineering interview questions also draws \nattention to the methods for avoiding bias in prompts. You can avoid bias in prompts by \nrefraining from using culturally biased or gender -specific language. Prompt engineers m ust \naccount for diverse backgrounds when crafting prompts and should review prompts to \ncheck for unintentional biases. In addition, prompt engineers can avoid bias by specializing \nin inclusive language alongside seeking feedback from peers to identify pote ntial biases.  \n \nWant to understand the importance of ethics in AI, ethical frameworks, principles, and \nchallenges? Enroll now in the Ethics Of Artificial Intelligence (AI) Course  \n \n17. How would you create a prompt for complex technical concepts?  \nCandidates can also expect prompt engineering interview questions that evaluate their \napproach to complex use cases in prompt engineering. You can start by breaking down the \nproblem into key components and use analogies to explain the problem. In the next step, \nyou have to develop scenario -based prompts for simulating the problem and obtain \nfeedback from peers. It is also important to ask questions to users before deploying the \nsolution.", "start_char_idx": 0, "end_char_idx": 2228, "text_template": "{metadata_str}\n\n{content}", "metadata_template": "{key}: {value}", "metadata_seperator": "\n", "class_name": "TextNode"}, "__type__": "1"}, "45e743a3-92c8-4c99-b396-60bdb08030c3": {"__data__": {"id_": "45e743a3-92c8-4c99-b396-60bdb08030c3", "embedding": null, "metadata": {"page_label": "6", "file_name": "p.pdf", "file_path": "C:\\Users\\moony\\Desktop\\_src\\p\\data\\p.pdf", "file_type": "application/pdf", "file_size": 45430, "creation_date": "2024-05-15", "last_modified_date": "2024-05-15"}, "excluded_embed_metadata_keys": ["file_name", "file_type", "file_size", "creation_date", "last_modified_date", "last_accessed_date"], "excluded_llm_metadata_keys": ["file_name", "file_type", "file_size", "creation_date", "last_modified_date", "last_accessed_date"], "relationships": {"1": {"node_id": "6be2a362-e50a-46ba-ae65-8ba18ac8c26b", "node_type": "4", "metadata": {"page_label": "6", "file_name": "p.pdf", "file_path": "C:\\Users\\moony\\Desktop\\_src\\p\\data\\p.pdf", "file_type": "application/pdf", "file_size": 45430, "creation_date": "2024-05-15", "last_modified_date": "2024-05-15"}, "hash": "387a272939a576741cf07e9a9e56e3b18dd4ff1c7767d0602d1137a08e4695ee", "class_name": "RelatedNodeInfo"}, "2": {"node_id": "025b1023-a8a5-4bcf-b23c-b9cc84b42bfa", "node_type": "1", "metadata": {"page_label": "5", "file_name": "p.pdf", "file_path": "C:\\Users\\moony\\Desktop\\_src\\p\\data\\p.pdf", "file_type": "application/pdf", "file_size": 45430, "creation_date": "2024-05-15", "last_modified_date": "2024-05-15"}, "hash": "b61c25652a3671bf821eb562c0b894bdca2e2c7286f563b88a284e611cfd71d9", "class_name": "RelatedNodeInfo"}, "3": {"node_id": "92c5362f-5c01-4354-8cdc-9e04dbe7b502", "node_type": "1", "metadata": {}, "hash": "9cfc9c508a3853555bca3f66fe49c4265b1bf9aaade259b056e7ce097dbab9d4", "class_name": "RelatedNodeInfo"}}, "text": "18. How can you manage unexpected responses from LLMs?  \nYou can manage unexpected responses from LLMs by iterating on the prompt. First of all, it \nis important to review the prompt to ensure clarity. In the next step, you have to modify the \nprompt structure and words according to your requirements. Furthermore,  you should also \ninclude additional requirements or constraints for guiding the output of the model.  \n \n19. Can you use prompt engineering to answer open -ended questions?  \nYes, you can use prompt engineering for answering open -ended questions. For example, \nprompt engineering can instruct LLMs to provide answers to hypothetical situations or offer \nsummaries for factual topics. You can tailor prompt engineering for open -ended questions \nby maintaining conciseness and clarity in the prompt. In addition, you should also refrain \nfrom using technical terms or jargon.  \n \n20. Which industry can benefit the most from prompt engineering?  \nPrompt engineering is a crucial requirement for industries that plan on using generative AI. \nYou can respond to such top prompt engineering interview questions by pointing out the \nuse cases of generative AI. Prompt engineering could serve as a valuable too l for different \nindustries, including finance, entertainment, healthcare, and manufacturing.  \n \nExcited to learn the fundamentals of AI applications in business? Enroll now in the AI For \nBusiness Course  \n \nConclusion  \nThe review of the most popular prompt engineering interview questions shows that \ncandidates preparing for prompt engineering jobs have a tough challenge. You need \ncomprehensive professional training for prompt engineering to understand the \nfundamentals and  best practices for using prompts.  \n \nPrompt engineering could revolutionize the AI landscape by invoking personalized \nresponses from AI models. You can also become a prompt engineer by learning the", "start_char_idx": 2, "end_char_idx": 1908, "text_template": "{metadata_str}\n\n{content}", "metadata_template": "{key}: {value}", "metadata_seperator": "\n", "class_name": "TextNode"}, "__type__": "1"}, "92c5362f-5c01-4354-8cdc-9e04dbe7b502": {"__data__": {"id_": "92c5362f-5c01-4354-8cdc-9e04dbe7b502", "embedding": null, "metadata": {"page_label": "7", "file_name": "p.pdf", "file_path": "C:\\Users\\moony\\Desktop\\_src\\p\\data\\p.pdf", "file_type": "application/pdf", "file_size": 45430, "creation_date": "2024-05-15", "last_modified_date": "2024-05-15"}, "excluded_embed_metadata_keys": ["file_name", "file_type", "file_size", "creation_date", "last_modified_date", "last_accessed_date"], "excluded_llm_metadata_keys": ["file_name", "file_type", "file_size", "creation_date", "last_modified_date", "last_accessed_date"], "relationships": {"1": {"node_id": "757b0080-ef44-421f-9f23-1d82a843e3b8", "node_type": "4", "metadata": {"page_label": "7", "file_name": "p.pdf", "file_path": "C:\\Users\\moony\\Desktop\\_src\\p\\data\\p.pdf", "file_type": "application/pdf", "file_size": 45430, "creation_date": "2024-05-15", "last_modified_date": "2024-05-15"}, "hash": "8da48035c13d9ed60acdd12841e6f16b52549a8cafbac8335af8cb6777abaf0c", "class_name": "RelatedNodeInfo"}, "2": {"node_id": "45e743a3-92c8-4c99-b396-60bdb08030c3", "node_type": "1", "metadata": {"page_label": "6", "file_name": "p.pdf", "file_path": "C:\\Users\\moony\\Desktop\\_src\\p\\data\\p.pdf", "file_type": "application/pdf", "file_size": 45430, "creation_date": "2024-05-15", "last_modified_date": "2024-05-15"}, "hash": "20f95c108166a82c86b7f1f0695b0f5326fc81f7b4dc6acc579a3b54830b2487", "class_name": "RelatedNodeInfo"}}, "text": "important interview questions and preparing for the questions with impactful answers. \nExplore the collection of best learning resources on the internet to learn more about \nprompt engineering right now.", "start_char_idx": 0, "end_char_idx": 203, "text_template": "{metadata_str}\n\n{content}", "metadata_template": "{key}: {value}", "metadata_seperator": "\n", "class_name": "TextNode"}, "__type__": "1"}}, "docstore/ref_doc_info": {"3b23887b-14fa-4ea1-b8c9-1be86db5a135": {"node_ids": ["7edb1464-cdb0-4c20-9868-961e1b050b21"], "metadata": {"page_label": "1", "file_name": "p.pdf", "file_path": "C:\\Users\\moony\\Desktop\\_src\\p\\data\\p.pdf", "file_type": "application/pdf", "file_size": 45430, "creation_date": "2024-05-15", "last_modified_date": "2024-05-15"}}, "b69a9a0d-aaef-4d6b-b02b-9304dec3ed76": {"node_ids": ["004e2413-10f2-4e67-b716-90d2c3281ac8"], "metadata": {"page_label": "2", "file_name": "p.pdf", "file_path": "C:\\Users\\moony\\Desktop\\_src\\p\\data\\p.pdf", "file_type": "application/pdf", "file_size": 45430, "creation_date": "2024-05-15", "last_modified_date": "2024-05-15"}}, "5e6cf17c-9321-4120-ba7e-ec0dd4bb3b57": {"node_ids": ["4e6acc0f-5c4b-4417-9873-0a820fe223b8"], "metadata": {"page_label": "3", "file_name": "p.pdf", "file_path": "C:\\Users\\moony\\Desktop\\_src\\p\\data\\p.pdf", "file_type": "application/pdf", "file_size": 45430, "creation_date": "2024-05-15", "last_modified_date": "2024-05-15"}}, "7b1255ef-f72d-4992-b726-ac204c3b36a7": {"node_ids": ["f2940c3b-fe96-48e4-9b69-be3b9648b410"], "metadata": {"page_label": "4", "file_name": "p.pdf", "file_path": "C:\\Users\\moony\\Desktop\\_src\\p\\data\\p.pdf", "file_type": "application/pdf", "file_size": 45430, "creation_date": "2024-05-15", "last_modified_date": "2024-05-15"}}, "ab02cf2a-8482-485d-9397-f570857e4a2e": {"node_ids": ["025b1023-a8a5-4bcf-b23c-b9cc84b42bfa"], "metadata": {"page_label": "5", "file_name": "p.pdf", "file_path": "C:\\Users\\moony\\Desktop\\_src\\p\\data\\p.pdf", "file_type": "application/pdf", "file_size": 45430, "creation_date": "2024-05-15", "last_modified_date": "2024-05-15"}}, "6be2a362-e50a-46ba-ae65-8ba18ac8c26b": {"node_ids": ["45e743a3-92c8-4c99-b396-60bdb08030c3"], "metadata": {"page_label": "6", "file_name": "p.pdf", "file_path": "C:\\Users\\moony\\Desktop\\_src\\p\\data\\p.pdf", "file_type": "application/pdf", "file_size": 45430, "creation_date": "2024-05-15", "last_modified_date": "2024-05-15"}}, "757b0080-ef44-421f-9f23-1d82a843e3b8": {"node_ids": ["92c5362f-5c01-4354-8cdc-9e04dbe7b502"], "metadata": {"page_label": "7", "file_name": "p.pdf", "file_path": "C:\\Users\\moony\\Desktop\\_src\\p\\data\\p.pdf", "file_type": "application/pdf", "file_size": 45430, "creation_date": "2024-05-15", "last_modified_date": "2024-05-15"}}}}