{"docstore/metadata": {"dd8672f9-9180-4e57-b45e-0ff6ece9f11a": {"doc_hash": "b2a23a2d3bc67ea2f03bce925609f1f8fb399af8a297b4252914c1f4742e3765"}, "d71bb617-7589-4e8a-ba9a-6b6a2f07fe41": {"doc_hash": "1548d9141c696d778c8546b6bf4c500fdfe8e6b0e476019a93c4873698609c16", "ref_doc_id": "dd8672f9-9180-4e57-b45e-0ff6ece9f11a"}}, "docstore/data": {"d71bb617-7589-4e8a-ba9a-6b6a2f07fe41": {"__data__": {"id_": "d71bb617-7589-4e8a-ba9a-6b6a2f07fe41", "embedding": null, "metadata": {}, "excluded_embed_metadata_keys": [], "excluded_llm_metadata_keys": [], "relationships": {"1": {"node_id": "dd8672f9-9180-4e57-b45e-0ff6ece9f11a", "node_type": "4", "metadata": {}, "hash": "b2a23a2d3bc67ea2f03bce925609f1f8fb399af8a297b4252914c1f4742e3765", "class_name": "RelatedNodeInfo"}}, "text": "There are two golden retriever puppies sitting in a green field with yellow flowers. The puppies are both smiling and look happy.", "start_char_idx": 1, "end_char_idx": 130, "text_template": "{metadata_str}\n\n{content}", "metadata_template": "{key}: {value}", "metadata_seperator": "\n", "class_name": "TextNode"}, "__type__": "1"}}, "docstore/ref_doc_info": {"dd8672f9-9180-4e57-b45e-0ff6ece9f11a": {"node_ids": ["d71bb617-7589-4e8a-ba9a-6b6a2f07fe41"], "metadata": {}}}}