{"docstore/metadata": {"9757ca45-4475-48c1-8bb8-c1b2dbff717c": {"doc_hash": "33ef2e1b0d9060d1890fef933f77f413ee7e9b184a8295a1551260946f03f27e"}, "6b9533c4-88a7-4eb7-ae28-5f52460eaccd": {"doc_hash": "66dc9997b12cc85a460e72c8552a47824b7b5c12efd886a286dcf274888d1e4d", "ref_doc_id": "9757ca45-4475-48c1-8bb8-c1b2dbff717c"}}, "docstore/data": {"6b9533c4-88a7-4eb7-ae28-5f52460eaccd": {"__data__": {"id_": "6b9533c4-88a7-4eb7-ae28-5f52460eaccd", "embedding": null, "metadata": {"page_label": "1", "file_name": "res.pdf", "file_path": "C:\\Users\\moony\\Desktop\\_src\\res\\data\\res.pdf", "file_type": "application/pdf", "file_size": 43895, "creation_date": "2024-05-14", "last_modified_date": "2024-05-14"}, "excluded_embed_metadata_keys": ["file_name", "file_type", "file_size", "creation_date", "last_modified_date", "last_accessed_date"], "excluded_llm_metadata_keys": ["file_name", "file_type", "file_size", "creation_date", "last_modified_date", "last_accessed_date"], "relationships": {"1": {"node_id": "9757ca45-4475-48c1-8bb8-c1b2dbff717c", "node_type": "4", "metadata": {"page_label": "1", "file_name": "res.pdf", "file_path": "C:\\Users\\moony\\Desktop\\_src\\res\\data\\res.pdf", "file_type": "application/pdf", "file_size": 43895, "creation_date": "2024-05-14", "last_modified_date": "2024-05-14"}, "hash": "33ef2e1b0d9060d1890fef933f77f413ee7e9b184a8295a1551260946f03f27e", "class_name": "RelatedNodeInfo"}}, "text": "Fiktives Restaurant: Gourmet's Delight  \nQ1: What is the name of the restaurant?  \nA1: The restaurant is named \"Gourmet's Delight\".  \n \nQ2: Where is Gourmet's Delight located?  \nA2: It is located in the heart of downtown, on Maple Street.  \n \nQ3: What type of cuisine does Gourmet's Delight offer?  \nA3: Gourmet's Delight specializes in a fusion of Mediterranean and Asian \ncuisine.  \n \nQ4: Is the restaurant vegetarian -friendly?  \nA4: Yes, there is a wide range of vegetarian and vegan options available.  \n \nQ5: Does Gourmet's Delight accept reservations?  \nA5: Yes, guests are encouraged to make reservations, especially on \nweekends.  \n \nQ6: Are there any special dishes that are recommended at Gourmet's \nDelight?  \nA6: The signature dish is the 'Medit -Asian Fusion Platter' which includes \na variety of specialties.  \n \nQ7: What are the operating hours of the restaurant?  \nA7: The restaurant is open from 11:00 AM to 10:00 PM, Monday through \nSunday. \n \nQ8: Does Gourmet's Delight offer any special promotions?  \nA8: Yes, there are happy hour discounts from 4:00 PM to 6:00 PM on \nweekdays.  \n \nQ9: Can Gourmet's Delight accommodate large parties or events?  \nA9: Yes, the restaurant has a private dining area that can be reserved \nfor events and parties.", "start_char_idx": 0, "end_char_idx": 1264, "text_template": "{metadata_str}\n\n{content}", "metadata_template": "{key}: {value}", "metadata_seperator": "\n", "class_name": "TextNode"}, "__type__": "1"}}, "docstore/ref_doc_info": {"9757ca45-4475-48c1-8bb8-c1b2dbff717c": {"node_ids": ["6b9533c4-88a7-4eb7-ae28-5f52460eaccd"], "metadata": {"page_label": "1", "file_name": "res.pdf", "file_path": "C:\\Users\\moony\\Desktop\\_src\\res\\data\\res.pdf", "file_type": "application/pdf", "file_size": 43895, "creation_date": "2024-05-14", "last_modified_date": "2024-05-14"}}}}