{"docstore/metadata": {"93662733-6ae6-4c5e-add7-131253f47712": {"doc_hash": "855b51d858a8793971718e8b099cf1d24c107e79d968a3d304bfdab9c0951bdb"}, "c27df5e7-7cac-4cf8-a891-6fb37165fd95": {"doc_hash": "3e49fcd1090e47df5837bf7df474ed5bfa01d04b8555168be05bf639f433a28b"}, "c9aa0129-687c-43e2-a8af-806eecb75d5c": {"doc_hash": "ab857ba9f5ff441909dc1dec561bee0bf5a9403b5b1357d5c2f03bd859c2611b"}, "dd1d5802-48ff-4529-bf64-302a283e3b76": {"doc_hash": "65998e7f29ae9fb68714ef726d74d0e91d784f47ae5bb9bfece5acfcea3d59da"}, "e382d1b7-0b81-44a3-8e1c-290c6584cc17": {"doc_hash": "855b51d858a8793971718e8b099cf1d24c107e79d968a3d304bfdab9c0951bdb", "ref_doc_id": "93662733-6ae6-4c5e-add7-131253f47712"}, "76025d22-4023-407e-9b67-d0237bdbb44a": {"doc_hash": "b46a7224e31ba91c53eb5c3be33cbeb0662f39cf9b36327a0ae3bdfbcadb58a3", "ref_doc_id": "c27df5e7-7cac-4cf8-a891-6fb37165fd95"}, "bfe3ca73-5a58-4c5a-b346-14c826cde4bc": {"doc_hash": "ab857ba9f5ff441909dc1dec561bee0bf5a9403b5b1357d5c2f03bd859c2611b", "ref_doc_id": "c9aa0129-687c-43e2-a8af-806eecb75d5c"}, "7e602a7a-4c66-4e02-bc8d-dd49705c2766": {"doc_hash": "65998e7f29ae9fb68714ef726d74d0e91d784f47ae5bb9bfece5acfcea3d59da", "ref_doc_id": "dd1d5802-48ff-4529-bf64-302a283e3b76"}}, "docstore/data": {"e382d1b7-0b81-44a3-8e1c-290c6584cc17": {"__data__": {"id_": "e382d1b7-0b81-44a3-8e1c-290c6584cc17", "embedding": null, "metadata": {"page_label": "1", "file_name": "trans.pdf", "file_path": "C:\\Users\\moony\\Desktop\\_src\\trans\\data\\trans.pdf", "file_type": "application/pdf", "file_size": 67224, "creation_date": "2024-05-14", "last_modified_date": "2024-05-14"}, "excluded_embed_metadata_keys": ["file_name", "file_type", "file_size", "creation_date", "last_modified_date", "last_accessed_date"], "excluded_llm_metadata_keys": ["file_name", "file_type", "file_size", "creation_date", "last_modified_date", "last_accessed_date"], "relationships": {"1": {"node_id": "93662733-6ae6-4c5e-add7-131253f47712", "node_type": "4", "metadata": {"page_label": "1", "file_name": "trans.pdf", "file_path": "C:\\Users\\moony\\Desktop\\_src\\trans\\data\\trans.pdf", "file_type": "application/pdf", "file_size": 67224, "creation_date": "2024-05-14", "last_modified_date": "2024-05-14"}, "hash": "855b51d858a8793971718e8b099cf1d24c107e79d968a3d304bfdab9c0951bdb", "class_name": "RelatedNodeInfo"}, "3": {"node_id": "76025d22-4023-407e-9b67-d0237bdbb44a", "node_type": "1", "metadata": {}, "hash": "09d5f8745a025d101170b40de5a73a611bd0cee81a61a5624ec48f8bf9189630", "class_name": "RelatedNodeInfo"}}, "text": "What is a transformer in ML?\nA transformer is a neural network that collects and processes sequential data (like \nthe words in a sentence) as it comes in and transforms one sequence into another \nsequence.\nUnderstanding how transformers work is a bit more complicated. Before we explain \ntransformers in more detail, though, it\u2019s important to cover some key concepts.\nFirst, it\u2019s helpful to remember the background of neural networks in NLP. In the \npast, technologists used recurrent neural networks (RNNs) and Long-Short Term Memory\n(LSTM) to process language sequentially, similar to transformers. Before \ntransformers were introduced, many technologists used RNNs during language model \ntraining since RNN models can learn to use past input and predict what comes next in\na sequence.\nHowever, one of the problems with RNN models is that as a sentence becomes longer, \nthe more input that\u2019s received and the gap between what\u2019s relevant and the model\u2019s \nability to use it when it\u2019s needed widens. When this happens, the model is less \nlikely to successfully predict what comes next. \nTransformers solve this problem. Using a technique known as self-attention, \ntransformers focus on distinct parts of the input text during each step of \nprocessing sequential data and assign weight to the significance of each part of the\nsequence. This helps it focus on what matters most. Transformers can also process \nwords simultaneously, drastically improving training speed. \nOverview of transformer architecture in NLP\nThe transformer model architecture breaks down into key components that play a \nsignificant part in how a transformer works:\nEncoder-decoder architecture\nThe transformer model is based on an encoder-decoder architecture. The encoder \nprocesses the sequential input and creates a representation. The decoder uses the \nrepresentation to generate an output.\nAttention mechanism\nThe attention mechanism looks at an input sequence and assigns a weight and value to\neach word based on relevance to distinguish the importance of specific words.\nSelf-attention\nSelf-attention is an attention mechanism that compares the different elements in a \nsequence input, looking for relationships and dependencies between elements to help \ncompute their positions in the output. Unlike other language models, transformer \nmodels rely entirely on self-attention.\nMulti-head attention\nRather than relying on an isolated attention mechanism, transformers involve \nmultiple parallel attention layers within different layers of the transformer. Each \nhead processes different parts of the input sequence and focuses on representations \nthat have different semantic or syntactic meanings.\nMasking\nMasking refers to the way transformers can hide future positions in the input \nsequence so it only pays attention to the words that came before it in the sequence.\nThe decoder can only attend to what it has seen so far, not what\u2019s to come.", "start_char_idx": 0, "end_char_idx": 2924, "text_template": "{metadata_str}\n\n{content}", "metadata_template": "{key}: {value}", "metadata_seperator": "\n", "class_name": "TextNode"}, "__type__": "1"}, "76025d22-4023-407e-9b67-d0237bdbb44a": {"__data__": {"id_": "76025d22-4023-407e-9b67-d0237bdbb44a", "embedding": null, "metadata": {"page_label": "2", "file_name": "trans.pdf", "file_path": "C:\\Users\\moony\\Desktop\\_src\\trans\\data\\trans.pdf", "file_type": "application/pdf", "file_size": 67224, "creation_date": "2024-05-14", "last_modified_date": "2024-05-14"}, "excluded_embed_metadata_keys": ["file_name", "file_type", "file_size", "creation_date", "last_modified_date", "last_accessed_date"], "excluded_llm_metadata_keys": ["file_name", "file_type", "file_size", "creation_date", "last_modified_date", "last_accessed_date"], "relationships": {"1": {"node_id": "c27df5e7-7cac-4cf8-a891-6fb37165fd95", "node_type": "4", "metadata": {"page_label": "2", "file_name": "trans.pdf", "file_path": "C:\\Users\\moony\\Desktop\\_src\\trans\\data\\trans.pdf", "file_type": "application/pdf", "file_size": 67224, "creation_date": "2024-05-14", "last_modified_date": "2024-05-14"}, "hash": "3e49fcd1090e47df5837bf7df474ed5bfa01d04b8555168be05bf639f433a28b", "class_name": "RelatedNodeInfo"}, "2": {"node_id": "e382d1b7-0b81-44a3-8e1c-290c6584cc17", "node_type": "1", "metadata": {"page_label": "1", "file_name": "trans.pdf", "file_path": "C:\\Users\\moony\\Desktop\\_src\\trans\\data\\trans.pdf", "file_type": "application/pdf", "file_size": 67224, "creation_date": "2024-05-14", "last_modified_date": "2024-05-14"}, "hash": "855b51d858a8793971718e8b099cf1d24c107e79d968a3d304bfdab9c0951bdb", "class_name": "RelatedNodeInfo"}, "3": {"node_id": "bfe3ca73-5a58-4c5a-b346-14c826cde4bc", "node_type": "1", "metadata": {}, "hash": "af7b892ef0d0e9ad7cdc3a8bbbcbac64a5b2419e6c4b1a6c94641349f0e2f11d", "class_name": "RelatedNodeInfo"}}, "text": "Here\u2019s how an individual attention mechanism works. When a transformer model \nreceives an input sequence, it associates each element of the sequence with abstract\nvectors, which represent their semantic meaning.\nThe model uses three types of vectors:\nQuery (q)\nKey (k)\nValue (v)\nThese vectors are obtained by multiplying input vectors with weight matrices learned\nduring model training. The query vector (q) represents the current word. The key \nvector (k) works as an index to find the most similar match and identify information\nthat is relevant to the query. The value vector (v) includes the actual information \nand details about the query.\nTo find similarities between the query and key, transformers multiply each element \nof the vector to calculate its dot product and measure similarity. The higher the \ndot product, the more similar the elements are perceived and the lower the dot \nproduct, the more dissimilar the elements are. Next, a softmax function converts the\ndot product values into a probability distribution on a scale of zero to one, with \nzero indicating low similarity and one being high similarity.\nFinally, the softmax distribution is multiplied by the value vector (v) to assign \ngreater importance to vectors that have high similarity in the comparison of (q) and\n(k) to help the model focus on the most relevant information. This creates an \nattention score that helps guide both the learning and output.\nTransformer advantages in NLP\nTransformers offer many advantages over alternative NLP models, including:\nInput length\nRNNs often have short memories and start to forget previous inputs, even in long \nsentences. Transformers can handle larger input sequences because of their \nself-attention layers and ability to analyze words in parallel.\nPrediction accuracy\nBecause an NLP transformer can distinguish these dependencies, it can more \naccurately assign context and meaning.\nPre-training and training techniques\nhile practitioners still use large text corpora to train transformer models, \ntransformers require less input during training to successfully perform NLP tasks \nthan other neural networks. Pre-training can also help transformers capture \nknowledge and contextualized representations to fine-tune smaller, task-specific \nlabeled data, reducing overall training time.\nExamples of NLP tasks using transformers\nHere are a few examples to better understand the tasks transformers are used for and\nhow they can help during model training and pre-training.\n1. Using transformers can improve meaning clarity\nWords at the beginning of a sentence may impact words at the end of a sentence.", "start_char_idx": 0, "end_char_idx": 2624, "text_template": "{metadata_str}\n\n{content}", "metadata_template": "{key}: {value}", "metadata_seperator": "\n", "class_name": "TextNode"}, "__type__": "1"}, "bfe3ca73-5a58-4c5a-b346-14c826cde4bc": {"__data__": {"id_": "bfe3ca73-5a58-4c5a-b346-14c826cde4bc", "embedding": null, "metadata": {"page_label": "3", "file_name": "trans.pdf", "file_path": "C:\\Users\\moony\\Desktop\\_src\\trans\\data\\trans.pdf", "file_type": "application/pdf", "file_size": 67224, "creation_date": "2024-05-14", "last_modified_date": "2024-05-14"}, "excluded_embed_metadata_keys": ["file_name", "file_type", "file_size", "creation_date", "last_modified_date", "last_accessed_date"], "excluded_llm_metadata_keys": ["file_name", "file_type", "file_size", "creation_date", "last_modified_date", "last_accessed_date"], "relationships": {"1": {"node_id": "c9aa0129-687c-43e2-a8af-806eecb75d5c", "node_type": "4", "metadata": {"page_label": "3", "file_name": "trans.pdf", "file_path": "C:\\Users\\moony\\Desktop\\_src\\trans\\data\\trans.pdf", "file_type": "application/pdf", "file_size": 67224, "creation_date": "2024-05-14", "last_modified_date": "2024-05-14"}, "hash": "ab857ba9f5ff441909dc1dec561bee0bf5a9403b5b1357d5c2f03bd859c2611b", "class_name": "RelatedNodeInfo"}, "2": {"node_id": "76025d22-4023-407e-9b67-d0237bdbb44a", "node_type": "1", "metadata": {"page_label": "2", "file_name": "trans.pdf", "file_path": "C:\\Users\\moony\\Desktop\\_src\\trans\\data\\trans.pdf", "file_type": "application/pdf", "file_size": 67224, "creation_date": "2024-05-14", "last_modified_date": "2024-05-14"}, "hash": "b46a7224e31ba91c53eb5c3be33cbeb0662f39cf9b36327a0ae3bdfbcadb58a3", "class_name": "RelatedNodeInfo"}, "3": {"node_id": "7e602a7a-4c66-4e02-bc8d-dd49705c2766", "node_type": "1", "metadata": {}, "hash": "92a4c25666b418149494980be4da91f5ed901430e7ab45f983dcafaeeb39f056", "class_name": "RelatedNodeInfo"}}, "text": "Transformers are particularly useful for analyzing longer sentences and connecting \nlong-range dependencies.\nExample: \u201cI saw a statue standing in front of the store with binoculars.\u201d\nThe sentence itself is ambiguous. Was the statue looking at the speaker with \nbinoculars or was the speaker looking at the statue? Transformer models look at the \nbroader context to improve clarity.\nRevised: \u201cI saw a statue standing in front of the store with binoculars and zoomed \nin on it.\u201d\nThis example shows how transformers can capture the dependency and context of an \ninput sequence, understanding that the speaker was using a pair of binoculars to \nlook at the statue.\n2. Improve sentiment analysis with transformers\nTransformers can also help improve sentiment analysis by understanding the correct \ncontext.\nExample: \u201cThe food at the restaurant was good, but the service was terrible.\u201d\nThis sentence uses mixed sentiments to describe different aspects of the restaurant \nexperience. Without the proper context, some language models may struggle to assign \nthe correct sentiment. With transformers, however, the context can be captured more \neffectively.\nRevised: \u201cThe food at the restaurant was OK, but the service was terrible; I would \nnot recommend itHere, the overall sentiment is negative.\n3. Fine-tuning responses during pre-training\nTechnologists can train transformer models using large data sets and then update \nthem with smaller data sets for specific tasks to provide better answers. Teams at \nCapital One use this technique, known as fine-tuning, to create new experiences and \nproducts such as a Slack bot.\nExample: \u201cWhat should I cook after work?\u201d\nThis question could provide a variety of responses, but it may not match the \nquestion\u2019s intent. By providing data on potential answers, you can narrow the focus \nto find the most likely response. The additional questions that might naturally flow\nfrom the first question help train models for better results.\nRelated question sets: \u201cWhat are some one-pot meals I can cook?\u201d  or \u201cWhat are some \neasy recipes to make?\u201d\nWhile these are similar, the subtle differences help refine the model during \npre-training and improve future responses.\n4. Translation", "start_char_idx": 0, "end_char_idx": 2210, "text_template": "{metadata_str}\n\n{content}", "metadata_template": "{key}: {value}", "metadata_seperator": "\n", "class_name": "TextNode"}, "__type__": "1"}, "7e602a7a-4c66-4e02-bc8d-dd49705c2766": {"__data__": {"id_": "7e602a7a-4c66-4e02-bc8d-dd49705c2766", "embedding": null, "metadata": {"page_label": "4", "file_name": "trans.pdf", "file_path": "C:\\Users\\moony\\Desktop\\_src\\trans\\data\\trans.pdf", "file_type": "application/pdf", "file_size": 67224, "creation_date": "2024-05-14", "last_modified_date": "2024-05-14"}, "excluded_embed_metadata_keys": ["file_name", "file_type", "file_size", "creation_date", "last_modified_date", "last_accessed_date"], "excluded_llm_metadata_keys": ["file_name", "file_type", "file_size", "creation_date", "last_modified_date", "last_accessed_date"], "relationships": {"1": {"node_id": "dd1d5802-48ff-4529-bf64-302a283e3b76", "node_type": "4", "metadata": {"page_label": "4", "file_name": "trans.pdf", "file_path": "C:\\Users\\moony\\Desktop\\_src\\trans\\data\\trans.pdf", "file_type": "application/pdf", "file_size": 67224, "creation_date": "2024-05-14", "last_modified_date": "2024-05-14"}, "hash": "65998e7f29ae9fb68714ef726d74d0e91d784f47ae5bb9bfece5acfcea3d59da", "class_name": "RelatedNodeInfo"}, "2": {"node_id": "bfe3ca73-5a58-4c5a-b346-14c826cde4bc", "node_type": "1", "metadata": {"page_label": "3", "file_name": "trans.pdf", "file_path": "C:\\Users\\moony\\Desktop\\_src\\trans\\data\\trans.pdf", "file_type": "application/pdf", "file_size": 67224, "creation_date": "2024-05-14", "last_modified_date": "2024-05-14"}, "hash": "ab857ba9f5ff441909dc1dec561bee0bf5a9403b5b1357d5c2f03bd859c2611b", "class_name": "RelatedNodeInfo"}}, "text": "Transformers are especially valuable in translations, where models are trained to \ntranslate English into other languages.\nFor example, in the sentence, \u201cI enjoy reading books in my free time,\u201d the word \nenjoy has a nuanced meaning. A language model might struggle with the translation \nfor enjoy,  choosing \"I like\" (gusto) or \"I love\" (amo), which have very different \nmeanings in Spanish.\nA transformer model is more likely to produce a correct output that shows the \naccurate meaning: \"Disfruto leyendo libros en mi tiempo libre.\"\nBeyond the future of transformers\nTransformers are changing what\u2019s possible in the NLP domain. While they are used for\nregular NLP tasks now, technologists create new use cases every day. Researchers and\ntechnologists are already exploring ways to reduce memory requirements, create \nindustry-specific models and use advanced pre-training techniques.\nResearch will shape the future of transformers and researchers are making \nbreakthroughs at an increasing rate. Bayan Buss, VP, Machine Learning Engineering at\nCapital One, is making significant contributions to the ML domain through his \napplied research programs. In his research, he has researched transformer models and\nexplored ways to apply deep learning techniques like transfer learning to tabular \ndata. You can learn more about his work in the recently published article Deep \nlearning for transfer tabular models.", "start_char_idx": 0, "end_char_idx": 1410, "text_template": "{metadata_str}\n\n{content}", "metadata_template": "{key}: {value}", "metadata_seperator": "\n", "class_name": "TextNode"}, "__type__": "1"}}, "docstore/ref_doc_info": {"93662733-6ae6-4c5e-add7-131253f47712": {"node_ids": ["e382d1b7-0b81-44a3-8e1c-290c6584cc17"], "metadata": {"page_label": "1", "file_name": "trans.pdf", "file_path": "C:\\Users\\moony\\Desktop\\_src\\trans\\data\\trans.pdf", "file_type": "application/pdf", "file_size": 67224, "creation_date": "2024-05-14", "last_modified_date": "2024-05-14"}}, "c27df5e7-7cac-4cf8-a891-6fb37165fd95": {"node_ids": ["76025d22-4023-407e-9b67-d0237bdbb44a"], "metadata": {"page_label": "2", "file_name": "trans.pdf", "file_path": "C:\\Users\\moony\\Desktop\\_src\\trans\\data\\trans.pdf", "file_type": "application/pdf", "file_size": 67224, "creation_date": "2024-05-14", "last_modified_date": "2024-05-14"}}, "c9aa0129-687c-43e2-a8af-806eecb75d5c": {"node_ids": ["bfe3ca73-5a58-4c5a-b346-14c826cde4bc"], "metadata": {"page_label": "3", "file_name": "trans.pdf", "file_path": "C:\\Users\\moony\\Desktop\\_src\\trans\\data\\trans.pdf", "file_type": "application/pdf", "file_size": 67224, "creation_date": "2024-05-14", "last_modified_date": "2024-05-14"}}, "dd1d5802-48ff-4529-bf64-302a283e3b76": {"node_ids": ["7e602a7a-4c66-4e02-bc8d-dd49705c2766"], "metadata": {"page_label": "4", "file_name": "trans.pdf", "file_path": "C:\\Users\\moony\\Desktop\\_src\\trans\\data\\trans.pdf", "file_type": "application/pdf", "file_size": 67224, "creation_date": "2024-05-14", "last_modified_date": "2024-05-14"}}}}